algorithm,model_name,version,window,symbol,display_name,market,status,reason,row_count,train_row_count,validation_row_count,test_row_count,test_accuracy,test_precision,test_recall,test_f1,test_roc_auc,always_positive_accuracy,always_positive_f1,accuracy_lift_vs_always_positive,f1_lift_vs_always_positive,latest_positive_probability
random_forest,random_forest_direction_5d,20260914T025746Z,all_history,000660.KS,SK hynix,KR,trained,,6424,5772,486,166,0.3855421686746988,0.48484848484848486,0.15841584158415842,0.23880597014925373,0.4321401370906321,0.608433734939759,0.7565543071161048,-0.22289156626506024,-0.5177483369668511,0.45275373977342515
random_forest,random_forest_direction_5d,20260914T025746Z,all_history,005930.KS,Samsung Electronics,KR,trained,,6437,5785,486,166,0.4036144578313253,0.6666666666666666,0.039603960396039604,0.07476635514018691,0.5186595582635186,0.608433734939759,0.7565543071161048,-0.20481927710843373,-0.6817879519759179,0.4671858267634239
random_forest,random_forest_direction_5d,20260914T025746Z,all_history,022100.KS,POSCO DX,KR,trained,,6211,5559,486,166,0.5120481927710844,0.48760330578512395,0.7564102564102564,0.592964824120603,0.4746503496503497,0.46987951807228917,0.639344262295082,0.042168674698795205,-0.04637943817447898,0.3979468939756835
random_forest,random_forest_direction_5d,20260914T025746Z,all_history,005380.KS,Hyundai Motor,KR,trained,,6436,5784,486,166,0.5120481927710844,0.5294117647058824,0.10975609756097561,0.18181818181818182,0.4388792102206736,0.4939759036144578,0.6612903225806451,0.018072289156626564,-0.4794721407624633,0.4887086531721843
random_forest,random_forest_direction_5d,20260914T025746Z,all_history,005490.KS,POSCO Holdings,KR,trained,,6438,5786,486,166,0.41566265060240964,0.46464646464646464,0.5111111111111111,0.48677248677248675,0.3780701754385965,0.5421686746987951,0.703125,-0.1265060240963855,-0.21635251322751325,0.45666004427844975
random_forest,random_forest_direction_5d,20260914T025746Z,all_history,000810.KS,Samsung Fire & Marine Insurance,KR,trained,,6439,5787,486,166,0.4879518072289157,0.6206896551724138,0.1956521739130435,0.2975206611570248,0.5284958871915395,0.5542168674698795,0.7131782945736435,-0.06626506024096385,-0.41565763341661865,0.41186359570525954
random_forest,random_forest_direction_5d,20260914T025746Z,all_history,066570.KS,LG Electronics,KR,trained,,5886,5234,486,166,0.42168674698795183,0.4339622641509434,0.25842696629213485,0.323943661971831,0.4656354881073982,0.536144578313253,0.6980392156862745,-0.11445783132530118,-0.3740955537144435,0.3307149457449878
random_forest,random_forest_direction_5d,20260914T025746Z,all_history,034730.KS,SK Inc.,KR,trained,,4006,3354,486,166,0.39759036144578314,0.75,0.029411764705882353,0.05660377358490566,0.5698529411764706,0.6144578313253012,0.7611940298507462,-0.21686746987951805,-0.7045902562658406,0.32691060740233663
random_forest,random_forest_direction_5d,20260914T025746Z,all_history,030200.KS,KT,KR,trained,,6435,5783,486,166,0.46987951807228917,0.5555555555555556,0.056179775280898875,0.10204081632653061,0.6106814533780826,0.536144578313253,0.6980392156862745,-0.06626506024096385,-0.5959983993597439,0.22958644637979775
random_forest,random_forest_direction_5d,20260914T025746Z,all_history,015760.KS,Korea Electric Power,KR,trained,,6438,5786,486,166,0.5120481927710844,0.4673913043478261,0.5733333333333334,0.5149700598802395,0.5347985347985347,0.45180722891566266,0.6224066390041494,0.060240963855421714,-0.10743657912390991,0.4617480835604069
random_forest,random_forest_direction_5d,20260914T025746Z,all_history,055550.KS,Shinhan Financial Group,KR,trained,,6440,5788,486,166,0.42168674698795183,0.5,0.020833333333333332,0.04,0.55,0.5783132530120482,0.732824427480916,-0.15662650602409633,-0.692824427480916,0.37796576780284497
random_forest,random_forest_direction_5d,20260914T025746Z,all_history,105560.KS,KB Financial Group,KR,trained,,4395,3743,486,166,0.4819277108433735,0.8333333333333334,0.10638297872340426,0.18867924528301888,0.6173167848699763,0.5662650602409639,0.7230769230769231,-0.08433734939759041,-0.5343976777939041,0.25382150520146096
random_forest,random_forest_direction_5d,20260914T025746Z,all_history,MU,Micron Technology,US,trained,,10528,9857,502,169,0.3609467455621302,0.0,0.0,0.0,0.49058894960534305,0.6390532544378699,0.779783393501805,-0.2781065088757397,-0.779783393501805,0.2456607072295518
random_forest,random_forest_direction_5d,20260914T025746Z,all_history,WDC,Western Digital,US,trained,,11937,11266,502,169,0.4319526627218935,0.6333333333333333,0.18269230769230768,0.2835820895522388,0.5460059171597633,0.6153846153846154,0.7619047619047619,-0.18343195266272194,-0.47832267235252307,0.5928151542561113
random_forest,random_forest_direction_5d,20260914T025746Z,all_history,SPY,SPDR S&P 500 ETF Trust,US,trained,,8338,7667,502,169,0.4556213017751479,0.0,0.0,0.0,0.5725578769057029,0.5443786982248521,0.7049808429118773,-0.08875739644970415,-0.7049808429118773,0.2393312370716475
random_forest,random_forest_direction_5d,20260914T025746Z,all_history,QQQ,Invesco QQQ Trust,US,trained,,6796,6125,502,169,0.4970414201183432,1.0,0.022988505747126436,0.0449438202247191,0.4953742640874685,0.514792899408284,0.6796875,-0.017751479289940808,-0.6347436797752809,0.32225783105623756
random_forest,random_forest_direction_5d,20260914T025746Z,all_history,AAPL,Apple,US,trained,,11404,10733,502,169,0.47928994082840237,0.9090909090909091,0.10309278350515463,0.18518518518518517,0.6059564719358533,0.5739644970414202,0.7293233082706767,-0.09467455621301779,-0.5441381230854916,0.41797081243143686
random_forest,random_forest_direction_5d,20260914T025746Z,all_history,MSFT,Microsoft,US,trained,,10079,9408,502,169,0.4437869822485207,0.4186046511627907,0.45,0.43373493975903615,0.42879213483146067,0.47337278106508873,0.642570281124498,-0.029585798816568032,-0.20883534136546184,0.46142447252018587
random_forest,random_forest_direction_5d,20260914T025746Z,all_history,IBM,International Business Machines,US,trained,,16155,15484,502,169,0.5621301775147929,0.75,0.1125,0.1956521739130435,0.5978932584269664,0.47337278106508873,0.642570281124498,0.08875739644970415,-0.44691810721145453,0.36178482712373244
random_forest,random_forest_direction_5d,20260914T025746Z,all_history,KO,Coca-Cola,US,trained,,16158,15487,502,169,0.41420118343195267,0.0,0.0,0.0,0.5606060606060606,0.5857988165680473,0.7388059701492538,-0.17159763313609466,-0.7388059701492538,0.32875105154347345
random_forest,random_forest_direction_5d,20260914T025746Z,all_history,JPM,JPMorgan Chase,US,trained,,11593,10922,502,169,0.4378698224852071,0.0,0.0,0.0,0.5942970073404855,0.5443786982248521,0.7049808429118773,-0.10650887573964496,-0.7049808429118773,0.32517429202176307
random_forest,random_forest_direction_5d,20260914T025746Z,all_history,XOM,Exxon Mobil,US,trained,,16158,15487,502,169,0.3905325443786982,0.4827586206896552,0.13725490196078433,0.21374045801526717,0.41864208369915124,0.6035502958579881,0.7527675276752768,-0.21301775147928992,-0.5390270696600096,0.35001391753507227
random_forest,random_forest_direction_5d,20260914T025746Z,all_history,CAT,Caterpillar,US,trained,,16158,15487,502,169,0.47928994082840237,0.582089552238806,0.3939393939393939,0.46987951807228917,0.5363636363636364,0.5857988165680473,0.7388059701492538,-0.10650887573964496,-0.2689264520769646,0.4590462598367642
random_forest,random_forest_direction_5d,20260914T025746Z,all_history,PG,Procter & Gamble,US,trained,,16158,15487,502,169,0.6094674556213018,0.6030534351145038,0.8494623655913979,0.7053571428571429,0.6256366723259763,0.5502958579881657,0.7099236641221374,0.059171597633136064,-0.004566521264994461,0.5925018711260454
random_forest,random_forest_direction_5d,20260914T025746Z,all_history,SNDK,SanDisk,US,skipped,train rows 0 < 500,,,,,,,,,,,,,,
random_forest,random_forest_direction_5d,20260914T025746Z,all_history,SOXL,Direxion Daily Semiconductor Bull 3X ETF,US,trained,,4028,3357,502,169,0.39644970414201186,0.0,0.0,0.0,0.5384840503365526,0.6035502958579881,0.7527675276752768,-0.20710059171597628,-0.7527675276752768,0.48952903871172654
random_forest,random_forest_direction_5d,20260914T025746Z,all_history,NASA,Tema Space Innovators ETF,US,skipped,train rows 0 < 500,,,,,,,,,,,,,,
random_forest,random_forest_direction_5d,20260914T025746Z,all_history,SPCX,SpaceX,US,skipped,train rows 0 < 500,,,,,,,,,,,,,,
random_forest,random_forest_direction_5d,20260914T025746Z,all_history,RAM,Roundhill T-REX 2X Long DRAM Daily Target ETF,US,skipped,train rows 0 < 500,,,,,,,,,,,,,,
xgboost,xgboost_direction_5d,20260914T025746Z,all_history,000660.KS,SK hynix,KR,trained,,6424,5772,486,166,0.4939759036144578,0.639344262295082,0.38613861386138615,0.48148148148148145,0.5163747143945164,0.608433734939759,0.7565543071161048,-0.11445783132530124,-0.2750728256346234,0.672940731048584
xgboost,xgboost_direction_5d,20260914T025746Z,all_history,005930.KS,Samsung Electronics,KR,trained,,6437,5785,486,166,0.39759036144578314,0.5161290322580645,0.15841584158415842,0.24242424242424243,0.5492764661081493,0.608433734939759,0.7565543071161048,-0.21084337349397592,-0.5141300646918624,0.4368092119693756
xgboost,xgboost_direction_5d,20260914T025746Z,all_history,022100.KS,POSCO DX,KR,trained,,6211,5559,486,166,0.5301204819277109,0.5,0.9487179487179487,0.6548672566371682,0.48441142191142195,0.46987951807228917,0.639344262295082,0.060240963855421714,0.01552299434208615,0.5270512104034424
xgboost,xgboost_direction_5d,20260914T025746Z,all_history,005380.KS,Hyundai Motor,KR,trained,,6436,5784,486,166,0.536144578313253,0.6086956521739131,0.17073170731707318,0.26666666666666666,0.5150987224157955,0.4939759036144578,0.6612903225806451,0.042168674698795205,-0.39462365591397847,0.40211939811706543
xgboost,xgboost_direction_5d,20260914T025746Z,all_history,005490.KS,POSCO Holdings,KR,trained,,6438,5786,486,166,0.463855421686747,0.5046728971962616,0.6,0.5482233502538071,0.3902046783625731,0.5421686746987951,0.703125,-0.07831325301204817,-0.15490164974619292,0.48956093192100525
xgboost,xgboost_direction_5d,20260914T025746Z,all_history,000810.KS,Samsung Fire & Marine Insurance,KR,trained,,6439,5787,486,166,0.4457831325301205,0.5,0.17391304347826086,0.25806451612903225,0.5478848413631022,0.5542168674698795,0.7131782945736435,-0.10843373493975905,-0.4551137784446112,0.3886682391166687
xgboost,xgboost_direction_5d,20260914T025746Z,all_history,066570.KS,LG Electronics,KR,trained,,5886,5234,486,166,0.40963855421686746,0.4470588235294118,0.42696629213483145,0.4367816091954023,0.4253611556982344,0.536144578313253,0.6980392156862745,-0.12650602409638556,-0.26125760649087215,0.3643392324447632
xgboost,xgboost_direction_5d,20260914T025746Z,all_history,034730.KS,SK Inc.,KR,trained,,4006,3354,486,166,0.39759036144578314,0.75,0.029411764705882353,0.05660377358490566,0.5972732843137256,0.6144578313253012,0.7611940298507462,-0.21686746987951805,-0.7045902562658406,0.32801616191864014
xgboost,xgboost_direction_5d,20260914T025746Z,all_history,030200.KS,KT,KR,trained,,6435,5783,486,166,0.4819277108433735,0.5789473684210527,0.12359550561797752,0.2037037037037037,0.6890412957828689,0.536144578313253,0.6980392156862745,-0.054216867469879526,-0.49433551198257075,0.20887090265750885
xgboost,xgboost_direction_5d,20260914T025746Z,all_history,015760.KS,Korea Electric Power,KR,trained,,6438,5786,486,166,0.4819277108433735,0.44660194174757284,0.6133333333333333,0.5168539325842697,0.5219047619047619,0.45180722891566266,0.6224066390041494,0.03012048192771083,-0.10555270641987968,0.4474065601825714
xgboost,xgboost_direction_5d,20260914T025746Z,all_history,055550.KS,Shinhan Financial Group,KR,trained,,6440,5788,486,166,0.4036144578313253,0.2,0.010416666666666666,0.019801980198019802,0.5473214285714286,0.5783132530120482,0.732824427480916,-0.17469879518072284,-0.7130224472828962,0.33200520277023315
xgboost,xgboost_direction_5d,20260914T025746Z,all_history,105560.KS,KB Financial Group,KR,trained,,4395,3743,486,166,0.4879518072289157,0.7142857142857143,0.1595744680851064,0.2608695652173913,0.6161347517730497,0.5662650602409639,0.7230769230769231,-0.07831325301204822,-0.46220735785953176,0.26265183091163635
xgboost,xgboost_direction_5d,20260914T025746Z,all_history,MU,Micron Technology,US,trained,,10528,9857,502,169,0.3668639053254438,0.6666666666666666,0.018518518518518517,0.036036036036036036,0.46933819064966603,0.6390532544378699,0.779783393501805,-0.2721893491124261,-0.743747357465769,0.11793132871389389
xgboost,xgboost_direction_5d,20260914T025746Z,all_history,WDC,Western Digital,US,trained,,11937,11266,502,169,0.4378698224852071,0.7647058823529411,0.125,0.21487603305785125,0.6056213017751478,0.6153846153846154,0.7619047619047619,-0.1775147928994083,-0.5470287288469107,0.6852086186408997
xgboost,xgboost_direction_5d,20260914T025746Z,all_history,SPY,SPDR S&P 500 ETF Trust,US,trained,,8338,7667,502,169,0.4556213017751479,0.0,0.0,0.0,0.6602202145680407,0.5443786982248521,0.7049808429118773,-0.08875739644970415,-0.7049808429118773,0.1696995198726654
xgboost,xgboost_direction_5d,20260914T025746Z,all_history,QQQ,Invesco QQQ Trust,US,trained,,6796,6125,502,169,0.47928994082840237,0.4782608695652174,0.12643678160919541,0.2,0.46804037005887306,0.514792899408284,0.6796875,-0.035502958579881616,-0.4796875,0.3501718044281006
xgboost,xgboost_direction_5d,20260914T025746Z,all_history,AAPL,Apple,US,trained,,11404,10733,502,169,0.47928994082840237,0.9090909090909091,0.10309278350515463,0.18518518518518517,0.6075315005727376,0.5739644970414202,0.7293233082706767,-0.09467455621301779,-0.5441381230854916,0.3052597939968109
xgboost,xgboost_direction_5d,20260914T025746Z,all_history,MSFT,Microsoft,US,trained,,10079,9408,502,169,0.4437869822485207,0.4222222222222222,0.475,0.4470588235294118,0.43441011235955057,0.47337278106508873,0.642570281124498,-0.029585798816568032,-0.1955114575950862,0.46595895290374756
xgboost,xgboost_direction_5d,20260914T025746Z,all_history,IBM,International Business Machines,US,trained,,16155,15484,502,169,0.5798816568047337,0.8461538461538461,0.1375,0.23655913978494625,0.5735955056179775,0.47337278106508873,0.642570281124498,0.10650887573964496,-0.40601114133955174,0.2273622453212738
xgboost,xgboost_direction_5d,20260914T025746Z,all_history,KO,Coca-Cola,US,trained,,16158,15487,502,169,0.41420118343195267,0.0,0.0,0.0,0.6568542568542568,0.5857988165680473,0.7388059701492538,-0.17159763313609466,-0.7388059701492538,0.20082707703113556
xgboost,xgboost_direction_5d,20260914T025746Z,all_history,JPM,JPMorgan Chase,US,trained,,11593,10922,502,169,0.46153846153846156,0.5714285714285714,0.043478260869565216,0.08080808080808081,0.6280350084697912,0.5443786982248521,0.7049808429118773,-0.08284023668639051,-0.6241727621037966,0.20278474688529968
xgboost,xgboost_direction_5d,20260914T025746Z,all_history,XOM,Exxon Mobil,US,trained,,16158,15487,502,169,0.40828402366863903,0.53125,0.16666666666666666,0.2537313432835821,0.4116183786947615,0.6035502958579881,0.7527675276752768,-0.1952662721893491,-0.49903618439169467,0.2603421211242676
xgboost,xgboost_direction_5d,20260914T025746Z,all_history,CAT,Caterpillar,US,trained,,16158,15487,502,169,0.4260355029585799,0.5161290322580645,0.32323232323232326,0.39751552795031053,0.4793650793650794,0.5857988165680473,0.7388059701492538,-0.15976331360946744,-0.3412904421989432,0.44152286648750305
xgboost,xgboost_direction_5d,20260914T025746Z,all_history,PG,Procter & Gamble,US,trained,,16158,15487,502,169,0.6272189349112426,0.65625,0.6774193548387096,0.6666666666666666,0.6539332201471421,0.5502958579881657,0.7099236641221374,0.07692307692307687,-0.043256997455470736,0.5763067603111267
xgboost,xgboost_direction_5d,20260914T025746Z,all_history,SNDK,SanDisk,US,skipped,train rows 0 < 500,,,,,,,,,,,,,,
xgboost,xgboost_direction_5d,20260914T025746Z,all_history,SOXL,Direxion Daily Semiconductor Bull 3X ETF,US,trained,,4028,3357,502,169,0.46153846153846156,0.72,0.17647058823529413,0.28346456692913385,0.4947322212467076,0.6035502958579881,0.7527675276752768,-0.14201183431952658,-0.4693029607461429,0.6026935577392578
xgboost,xgboost_direction_5d,20260914T025746Z,all_history,NASA,Tema Space Innovators ETF,US,skipped,train rows 0 < 500,,,,,,,,,,,,,,
xgboost,xgboost_direction_5d,20260914T025746Z,all_history,SPCX,SpaceX,US,skipped,train rows 0 < 500,,,,,,,,,,,,,,
xgboost,xgboost_direction_5d,20260914T025746Z,all_history,RAM,Roundhill T-REX 2X Long DRAM Daily Target ETF,US,skipped,train rows 0 < 500,,,,,,,,,,,,,,
