algorithm,model_name,version,symbol,display_name,market,status,reason,test_accuracy,test_precision,test_recall,test_f1,test_roc_auc,always_positive_accuracy,always_positive_f1,accuracy_lift_vs_always_positive,f1_lift_vs_always_positive,latest_positive_probability
random_forest,random_forest_direction_5d,20260914T023916Z,000660.KS,SK hynix,KR,trained,,0.4578313253012048,0.5753424657534246,0.4158415841584158,0.4827586206896552,0.4784463061690784,0.608433734939759,0.7565543071161048,-0.15060240963855426,-0.27379568642644964,0.5958919111415918
random_forest,random_forest_direction_5d,20260914T023916Z,005930.KS,Samsung Electronics,KR,trained,,0.43373493975903615,0.6666666666666666,0.13861386138613863,0.22950819672131148,0.4708301599390708,0.608433734939759,0.7565543071161048,-0.1746987951807229,-0.5270461103947933,0.4712389465535828
random_forest,random_forest_direction_5d,20260914T023916Z,022100.KS,POSCO DX,KR,trained,,0.463855421686747,0.46258503401360546,0.8717948717948718,0.6044444444444445,0.49373543123543123,0.46987951807228917,0.639344262295082,-0.006024096385542188,-0.03489981785063756,0.6834119490411346
random_forest,random_forest_direction_5d,20260914T023916Z,005380.KS,Hyundai Motor,KR,trained,,0.463855421686747,0.3793103448275862,0.13414634146341464,0.1981981981981982,0.4102787456445993,0.4939759036144578,0.6612903225806451,-0.03012048192771083,-0.46309212438244696,0.5290574993683014
random_forest,random_forest_direction_5d,20260914T023916Z,005490.KS,POSCO Holdings,KR,trained,,0.5481927710843374,0.5714285714285714,0.6666666666666666,0.6153846153846154,0.5707602339181286,0.5421686746987951,0.703125,0.006024096385542244,-0.08774038461538458,0.5153472446875879
random_forest,random_forest_direction_5d,20260914T023916Z,000810.KS,Samsung Fire & Marine Insurance,KR,trained,,0.4578313253012048,0.5384615384615384,0.15217391304347827,0.23728813559322035,0.5010282021151586,0.5542168674698795,0.7131782945736435,-0.09638554216867473,-0.4758901589804231,0.3917508388497357
random_forest,random_forest_direction_5d,20260914T023916Z,066570.KS,LG Electronics,KR,trained,,0.4759036144578313,0.5227272727272727,0.25842696629213485,0.3458646616541353,0.5426820370640596,0.536144578313253,0.6980392156862745,-0.060240963855421714,-0.35217455403213915,0.2806735032683391
random_forest,random_forest_direction_5d,20260914T023916Z,034730.KS,SK Inc.,KR,trained,,0.3855421686746988,0.0,0.0,0.0,0.5795036764705883,0.6144578313253012,0.7611940298507462,-0.22891566265060237,-0.7611940298507462,0.38631413774641676
random_forest,random_forest_direction_5d,20260914T023916Z,030200.KS,KT,KR,trained,,0.536144578313253,0.603448275862069,0.39325842696629215,0.47619047619047616,0.5677805340726689,0.536144578313253,0.6980392156862745,0.0,-0.2218487394957983,0.37484584186287795
random_forest,random_forest_direction_5d,20260914T023916Z,015760.KS,Korea Electric Power,KR,trained,,0.45180722891566266,0.43333333333333335,0.6933333333333334,0.5333333333333333,0.5103296703296702,0.45180722891566266,0.6224066390041494,0.0,-0.08907330567081606,0.5860226310705908
random_forest,random_forest_direction_5d,20260914T023916Z,055550.KS,Shinhan Financial Group,KR,trained,,0.42168674698795183,0.0,0.0,0.0,0.3956845238095238,0.5783132530120482,0.732824427480916,-0.15662650602409633,-0.732824427480916,0.15745970269553392
random_forest,random_forest_direction_5d,20260914T023916Z,105560.KS,KB Financial Group,KR,trained,,0.4457831325301205,1.0,0.02127659574468085,0.041666666666666664,0.6340130023640661,0.5662650602409639,0.7230769230769231,-0.12048192771084343,-0.6814102564102564,0.24256634326292623
random_forest,random_forest_direction_5d,20260914T023916Z,MU,Micron Technology,US,trained,,0.3905325443786982,0.5714285714285714,0.18518518518518517,0.27972027972027974,0.4752580449301761,0.6390532544378699,0.779783393501805,-0.24852071005917165,-0.5000631137815252,0.21982494481024187
random_forest,random_forest_direction_5d,20260914T023916Z,WDC,Western Digital,US,trained,,0.3668639053254438,0.2857142857142857,0.019230769230769232,0.036036036036036036,0.5464497041420118,0.6153846153846154,0.7619047619047619,-0.24852071005917165,-0.7258687258687259,0.4805236084573512
random_forest,random_forest_direction_5d,20260914T023916Z,SPY,SPDR S&P 500 ETF Trust,US,trained,,0.4556213017751479,0.0,0.0,0.0,0.5845567476002258,0.5443786982248521,0.7049808429118773,-0.08875739644970415,-0.7049808429118773,0.20062613870765802
random_forest,random_forest_direction_5d,20260914T023916Z,QQQ,Invesco QQQ Trust,US,trained,,0.48520710059171596,0.0,0.0,0.0,0.5483599663582843,0.514792899408284,0.6796875,-0.029585798816568032,-0.6796875,0.28748223818765123
random_forest,random_forest_direction_5d,20260914T023916Z,AAPL,Apple,US,trained,,0.4319526627218935,1.0,0.010309278350515464,0.02040816326530612,0.6301546391752577,0.5739644970414202,0.7293233082706767,-0.1420118343195267,-0.7089151450053706,0.3855447161745724
random_forest,random_forest_direction_5d,20260914T023916Z,MSFT,Microsoft,US,trained,,0.47337278106508873,0.43478260869565216,0.375,0.40268456375838924,0.4613764044943821,0.47337278106508873,0.642570281124498,0.0,-0.23988571736610875,0.4680600419491795
random_forest,random_forest_direction_5d,20260914T023916Z,IBM,International Business Machines,US,trained,,0.5088757396449705,0.47058823529411764,0.3,0.366412213740458,0.5310393258426965,0.47337278106508873,0.642570281124498,0.03550295857988173,-0.27615806738404,0.5254296263352131
random_forest,random_forest_direction_5d,20260914T023916Z,KO,Coca-Cola,US,trained,,0.41420118343195267,0.0,0.0,0.0,0.5271284271284271,0.5857988165680473,0.7388059701492538,-0.17159763313609466,-0.7388059701492538,0.26971131008359917
random_forest,random_forest_direction_5d,20260914T023916Z,JPM,JPMorgan Chase,US,trained,,0.4556213017751479,0.0,0.0,0.0,0.5571710897797855,0.5443786982248521,0.7049808429118773,-0.08875739644970415,-0.7049808429118773,0.2698330077411324
random_forest,random_forest_direction_5d,20260914T023916Z,XOM,Exxon Mobil,US,trained,,0.39644970414201186,0.0,0.0,0.0,0.3678665496049166,0.6035502958579881,0.7527675276752768,-0.20710059171597628,-0.7527675276752768,0.24294686229247736
random_forest,random_forest_direction_5d,20260914T023916Z,CAT,Caterpillar,US,trained,,0.5325443786982249,0.5833333333333334,0.7070707070707071,0.639269406392694,0.483982683982684,0.5857988165680473,0.7388059701492538,-0.053254437869822424,-0.09953656375655973,0.5023263334135336
random_forest,random_forest_direction_5d,20260914T023916Z,PG,Procter & Gamble,US,trained,,0.5976331360946746,0.616822429906542,0.7096774193548387,0.66,0.6073853989813243,0.5502958579881657,0.7099236641221374,0.047337278106508895,-0.049923664122137335,0.6758040993353888
random_forest,random_forest_direction_5d,20260914T023916Z,SNDK,SanDisk,US,skipped,train rows 0 < 500,,,,,,,,,,
random_forest,random_forest_direction_5d,20260914T023916Z,SOXL,Direxion Daily Semiconductor Bull 3X ETF,US,trained,,0.39644970414201186,0.0,0.0,0.0,0.5279484928299677,0.6035502958579881,0.7527675276752768,-0.20710059171597628,-0.7527675276752768,0.46339164163036733
random_forest,random_forest_direction_5d,20260914T023916Z,NASA,Tema Space Innovators ETF,US,skipped,train rows 0 < 500,,,,,,,,,,
random_forest,random_forest_direction_5d,20260914T023916Z,SPCX,SpaceX,US,skipped,train rows 0 < 500,,,,,,,,,,
random_forest,random_forest_direction_5d,20260914T023916Z,RAM,Roundhill T-REX 2X Long DRAM Daily Target ETF,US,skipped,train rows 0 < 500,,,,,,,,,,
xgboost,xgboost_direction_5d,20260914T025134Z,000660.KS,SK hynix,KR,trained,,0.41566265060240964,0.5416666666666666,0.25742574257425743,0.348993288590604,0.48240670220868237,0.608433734939759,0.7565543071161048,-0.1927710843373494,-0.4075610185255008,0.5659623742103577
xgboost,xgboost_direction_5d,20260914T025134Z,005930.KS,Samsung Electronics,KR,trained,,0.4578313253012048,0.6571428571428571,0.22772277227722773,0.3382352941176471,0.5041888804265042,0.608433734939759,0.7565543071161048,-0.15060240963855426,-0.41831901299845775,0.7293187379837036
xgboost,xgboost_direction_5d,20260914T025134Z,022100.KS,POSCO DX,KR,trained,,0.4759036144578313,0.47096774193548385,0.9358974358974359,0.6266094420600858,0.4836829836829837,0.46987951807228917,0.639344262295082,0.0060240963855421326,-0.01273482023499617,0.8475546836853027
xgboost,xgboost_direction_5d,20260914T025134Z,005380.KS,Hyundai Motor,KR,trained,,0.45180722891566266,0.42105263157894735,0.2926829268292683,0.34532374100719426,0.4121660859465738,0.4939759036144578,0.6612903225806451,-0.04216867469879515,-0.31596658157345087,0.6838218569755554
xgboost,xgboost_direction_5d,20260914T025134Z,005490.KS,POSCO Holdings,KR,trained,,0.536144578313253,0.5565217391304348,0.7111111111111111,0.624390243902439,0.514327485380117,0.5421686746987951,0.703125,-0.0060240963855421326,-0.07873475609756098,0.7209746837615967
xgboost,xgboost_direction_5d,20260914T025134Z,000810.KS,Samsung Fire & Marine Insurance,KR,trained,,0.4939759036144578,0.6176470588235294,0.22826086956521738,0.3333333333333333,0.5699177438307873,0.5542168674698795,0.7131782945736435,-0.060240963855421714,-0.37984496124031014,0.2638816833496094
xgboost,xgboost_direction_5d,20260914T025134Z,066570.KS,LG Electronics,KR,trained,,0.4939759036144578,0.5384615384615384,0.39325842696629215,0.45454545454545453,0.5156865606303809,0.536144578313253,0.6980392156862745,-0.042168674698795205,-0.24349376114081994,0.2321164906024933
xgboost,xgboost_direction_5d,20260914T025134Z,034730.KS,SK Inc.,KR,trained,,0.43373493975903615,0.7,0.13725490196078433,0.22950819672131148,0.530484068627451,0.6144578313253012,0.7611940298507462,-0.18072289156626503,-0.5316858331294347,0.4499652087688446
xgboost,xgboost_direction_5d,20260914T025134Z,030200.KS,KT,KR,trained,,0.4879518072289157,0.5588235294117647,0.21348314606741572,0.3089430894308943,0.5975485188968335,0.536144578313253,0.6980392156862745,-0.04819277108433734,-0.38909612625538015,0.3149237632751465
xgboost,xgboost_direction_5d,20260914T025134Z,015760.KS,Korea Electric Power,KR,trained,,0.4759036144578313,0.4189189189189189,0.41333333333333333,0.4161073825503356,0.4745787545787546,0.45180722891566266,0.6224066390041494,0.02409638554216864,-0.2062992564538138,0.5325517654418945
xgboost,xgboost_direction_5d,20260914T025134Z,055550.KS,Shinhan Financial Group,KR,trained,,0.42168674698795183,0.0,0.0,0.0,0.5556547619047618,0.5783132530120482,0.732824427480916,-0.15662650602409633,-0.732824427480916,0.036011096090078354
xgboost,xgboost_direction_5d,20260914T025134Z,105560.KS,KB Financial Group,KR,trained,,0.5963855421686747,0.8,0.3829787234042553,0.5179856115107914,0.6672576832151301,0.5662650602409639,0.7230769230769231,0.030120481927710774,-0.2050913115661317,0.14759139716625214
xgboost,xgboost_direction_5d,20260914T025134Z,MU,Micron Technology,US,trained,,0.40236686390532544,0.5897435897435898,0.21296296296296297,0.3129251700680272,0.48595931997571346,0.6390532544378699,0.779783393501805,-0.23668639053254442,-0.4668582234337778,0.04892009496688843
xgboost,xgboost_direction_5d,20260914T025134Z,WDC,Western Digital,US,trained,,0.4319526627218935,0.625,0.19230769230769232,0.29411764705882354,0.556508875739645,0.6153846153846154,0.7619047619047619,-0.18343195266272194,-0.4677871148459383,0.5633947253227234
xgboost,xgboost_direction_5d,20260914T025134Z,SPY,SPDR S&P 500 ETF Trust,US,trained,,0.4970414201183432,0.6842105263157895,0.14130434782608695,0.23423423423423423,0.6518915866741954,0.5443786982248521,0.7049808429118773,-0.047337278106508895,-0.4707466086776431,0.1424972265958786
xgboost,xgboost_direction_5d,20260914T025134Z,QQQ,Invesco QQQ Trust,US,trained,,0.5384615384615384,0.6956521739130435,0.1839080459770115,0.2909090909090909,0.5532660499018783,0.514792899408284,0.6796875,0.023668639053254448,-0.3887784090909091,0.28722190856933594
xgboost,xgboost_direction_5d,20260914T025134Z,AAPL,Apple,US,trained,,0.46745562130177515,1.0,0.07216494845360824,0.1346153846153846,0.6380297823596792,0.5739644970414202,0.7293233082706767,-0.10650887573964501,-0.5947079236552921,0.21714475750923157
xgboost,xgboost_direction_5d,20260914T025134Z,MSFT,Microsoft,US,trained,,0.47928994082840237,0.4574468085106383,0.5375,0.4942528735632184,0.4582865168539326,0.47337278106508873,0.642570281124498,0.00591715976331364,-0.1483174075612796,0.31515932083129883
xgboost,xgboost_direction_5d,20260914T025134Z,IBM,International Business Machines,US,trained,,0.5266272189349113,0.5,0.3125,0.38461538461538464,0.5497191011235955,0.47337278106508873,0.642570281124498,0.053254437869822535,-0.25795489650911335,0.7574512958526611
xgboost,xgboost_direction_5d,20260914T025134Z,KO,Coca-Cola,US,trained,,0.42011834319526625,1.0,0.010101010101010102,0.02,0.5769119769119768,0.5857988165680473,0.7388059701492538,-0.16568047337278108,-0.7188059701492537,0.24217894673347473
xgboost,xgboost_direction_5d,20260914T025134Z,JPM,JPMorgan Chase,US,trained,,0.47928994082840237,0.6428571428571429,0.09782608695652174,0.16981132075471697,0.5760869565217391,0.5443786982248521,0.7049808429118773,-0.0650887573964497,-0.5351695221571604,0.18118885159492493
xgboost,xgboost_direction_5d,20260914T025134Z,XOM,Exxon Mobil,US,trained,,0.40236686390532544,0.5185185185185185,0.13725490196078433,0.21705426356589147,0.34591747146619845,0.6035502958579881,0.7527675276752768,-0.2011834319526627,-0.5357132641093854,0.25618883967399597
xgboost,xgboost_direction_5d,20260914T025134Z,CAT,Caterpillar,US,trained,,0.5029585798816568,0.5903614457831325,0.494949494949495,0.5384615384615384,0.510966810966811,0.5857988165680473,0.7388059701492538,-0.08284023668639051,-0.20034443168771532,0.3428460955619812
xgboost,xgboost_direction_5d,20260914T025134Z,PG,Procter & Gamble,US,trained,,0.5739644970414202,0.6019417475728155,0.6666666666666666,0.6326530612244898,0.5790888511601585,0.5502958579881657,0.7099236641221374,0.023668639053254448,-0.07727060289764753,0.8442175984382629
xgboost,xgboost_direction_5d,20260914T025134Z,SNDK,SanDisk,US,skipped,train rows 0 < 500,,,,,,,,,,
xgboost,xgboost_direction_5d,20260914T025134Z,SOXL,Direxion Daily Semiconductor Bull 3X ETF,US,trained,,0.514792899408284,0.8333333333333334,0.24509803921568626,0.3787878787878788,0.5405326309628329,0.6035502958579881,0.7527675276752768,-0.08875739644970415,-0.373979648887398,0.7138077020645142
xgboost,xgboost_direction_5d,20260914T025134Z,NASA,Tema Space Innovators ETF,US,skipped,train rows 0 < 500,,,,,,,,,,
xgboost,xgboost_direction_5d,20260914T025134Z,SPCX,SpaceX,US,skipped,train rows 0 < 500,,,,,,,,,,
xgboost,xgboost_direction_5d,20260914T025134Z,RAM,Roundhill T-REX 2X Long DRAM Daily Target ETF,US,skipped,train rows 0 < 500,,,,,,,,,,
