algorithm,model_name,version,window,symbol,display_name,market,status,reason,decision_threshold,row_count,train_row_count,validation_row_count,test_row_count,test_accuracy,test_precision,test_recall,test_f1,test_roc_auc,default_test_accuracy,default_test_f1,always_positive_accuracy,always_positive_f1,accuracy_lift_vs_always_positive,f1_lift_vs_always_positive,latest_positive_probability,latest_predicted_positive
random_forest,random_forest_direction_5d,20260914T030848Z,all_history,000660.KS,SK hynix,KR,trained,,0.25,6424,5772,486,166,0.608433734939759,0.608433734939759,1.0,0.7565543071161048,0.4321401370906321,0.3855421686746988,0.23880597014925373,0.608433734939759,0.7565543071161048,0.0,0.0,0.4527537397734251,True
random_forest,random_forest_direction_5d,20260914T030848Z,all_history,005930.KS,Samsung Electronics,KR,trained,,0.28,6437,5785,486,166,0.5843373493975904,0.6095890410958904,0.8811881188118812,0.7206477732793523,0.5186595582635186,0.4036144578313253,0.07476635514018691,0.608433734939759,0.7565543071161048,-0.02409638554216864,-0.035906533836752574,0.4671858267634239,True
random_forest,random_forest_direction_5d,20260914T030848Z,all_history,022100.KS,POSCO DX,KR,trained,,0.54,6211,5559,486,166,0.4819277108433735,0.46078431372549017,0.6025641025641025,0.5222222222222223,0.4746503496503497,0.5120481927710844,0.592964824120603,0.46987951807228917,0.639344262295082,0.01204819277108432,-0.11712204007285976,0.3979468939756835,False
random_forest,random_forest_direction_5d,20260914T030848Z,all_history,005380.KS,Hyundai Motor,KR,trained,,0.32,6436,5784,486,166,0.45180722891566266,0.45794392523364486,0.5975609756097561,0.5185185185185185,0.4388792102206736,0.5120481927710844,0.18181818181818182,0.4939759036144578,0.6612903225806451,-0.04216867469879515,-0.14277180406212664,0.4887086531721843,True
random_forest,random_forest_direction_5d,20260914T030848Z,all_history,005490.KS,POSCO Holdings,KR,trained,,0.34,6438,5786,486,166,0.5542168674698795,0.5487804878048781,1.0,0.7086614173228346,0.3780701754385965,0.41566265060240964,0.48677248677248675,0.5421686746987951,0.703125,0.012048192771084376,0.005536417322834608,0.45666004427844975,True
random_forest,random_forest_direction_5d,20260914T030848Z,all_history,000810.KS,Samsung Fire & Marine Insurance,KR,trained,,0.2,6439,5787,486,166,0.5481927710843374,0.5515151515151515,0.9891304347826086,0.708171206225681,0.5284958871915395,0.4879518072289157,0.2975206611570248,0.5542168674698795,0.7131782945736435,-0.0060240963855421326,-0.005007088347962485,0.41186359570525954,True
random_forest,random_forest_direction_5d,20260914T030848Z,all_history,066570.KS,LG Electronics,KR,trained,,0.38,5886,5234,486,166,0.5481927710843374,0.5546875,0.797752808988764,0.6543778801843319,0.4656354881073982,0.42168674698795183,0.323943661971831,0.536144578313253,0.6980392156862745,0.012048192771084376,-0.04366133550194262,0.3307149457449878,False
random_forest,random_forest_direction_5d,20260914T030848Z,all_history,034730.KS,SK Inc.,KR,trained,,0.42,4006,3354,486,166,0.41566265060240964,0.7272727272727273,0.0784313725490196,0.1415929203539823,0.5698529411764706,0.39759036144578314,0.05660377358490566,0.6144578313253012,0.7611940298507462,-0.19879518072289154,-0.619601109496764,0.32691060740233663,False
random_forest,random_forest_direction_5d,20260914T030848Z,all_history,030200.KS,KT,KR,trained,,0.33,6435,5783,486,166,0.6144578313253012,0.631578947368421,0.6741573033707865,0.6521739130434783,0.6106814533780826,0.46987951807228917,0.10204081632653061,0.536144578313253,0.6980392156862745,0.07831325301204817,-0.0458653026427962,0.2295864463797977,False
random_forest,random_forest_direction_5d,20260914T030848Z,all_history,015760.KS,Korea Electric Power,KR,trained,,0.27,6438,5786,486,166,0.4578313253012048,0.45454545454545453,1.0,0.625,0.5347985347985347,0.5120481927710844,0.5149700598802395,0.45180722891566266,0.6224066390041494,0.0060240963855421326,0.002593360995850613,0.4617480835604068,True
random_forest,random_forest_direction_5d,20260914T030848Z,all_history,055550.KS,Shinhan Financial Group,KR,trained,,0.28,6440,5788,486,166,0.5783132530120482,0.5802469135802469,0.9791666666666666,0.7286821705426356,0.55,0.42168674698795183,0.04,0.5783132530120482,0.732824427480916,0.0,-0.004142256938280409,0.3779657678028451,True
random_forest,random_forest_direction_5d,20260914T030848Z,all_history,105560.KS,KB Financial Group,KR,trained,,0.16,4395,3743,486,166,0.5662650602409639,0.5662650602409639,1.0,0.7230769230769231,0.6173167848699763,0.4819277108433735,0.18867924528301888,0.5662650602409639,0.7230769230769231,0.0,0.0,0.25382150520146096,True
random_forest,random_forest_direction_5d,20260914T030848Z,all_history,MU,Micron Technology,US,trained,,0.21,10528,9857,502,169,0.6390532544378699,0.6390532544378699,1.0,0.779783393501805,0.49058894960534305,0.3609467455621302,0.0,0.6390532544378699,0.779783393501805,0.0,0.0,0.24566070722955183,True
random_forest,random_forest_direction_5d,20260914T030848Z,all_history,WDC,Western Digital,US,trained,,0.27,11937,11266,502,169,0.6331360946745562,0.6265060240963856,1.0,0.7703703703703704,0.5460059171597633,0.4319526627218935,0.2835820895522388,0.6153846153846154,0.7619047619047619,0.017751479289940808,0.00846560846560851,0.5928151542561113,True
random_forest,random_forest_direction_5d,20260914T030848Z,all_history,SPY,SPDR S&P 500 ETF Trust,US,trained,,0.21,8338,7667,502,169,0.5443786982248521,0.5443786982248521,1.0,0.7049808429118773,0.5725578769057029,0.4556213017751479,0.0,0.5443786982248521,0.7049808429118773,0.0,0.0,0.2393312370716475,True
random_forest,random_forest_direction_5d,20260914T030848Z,all_history,QQQ,Invesco QQQ Trust,US,trained,,0.3,6796,6125,502,169,0.514792899408284,0.514792899408284,1.0,0.6796875,0.4953742640874685,0.4970414201183432,0.0449438202247191,0.514792899408284,0.6796875,0.0,0.0,0.32225783105623756,True
random_forest,random_forest_direction_5d,20260914T030848Z,all_history,AAPL,Apple,US,trained,,0.24,11404,10733,502,169,0.5739644970414202,0.5739644970414202,1.0,0.7293233082706767,0.6059564719358533,0.47928994082840237,0.18518518518518517,0.5739644970414202,0.7293233082706767,0.0,0.0,0.4179708124314369,True
random_forest,random_forest_direction_5d,20260914T030848Z,all_history,MSFT,Microsoft,US,trained,,0.38,10079,9408,502,169,0.47337278106508873,0.4716981132075472,0.9375,0.6276150627615062,0.42879213483146067,0.4437869822485207,0.43373493975903615,0.47337278106508873,0.642570281124498,0.0,-0.01495521836299174,0.46142447252018587,True
random_forest,random_forest_direction_5d,20260914T030848Z,all_history,IBM,International Business Machines,US,trained,,0.28,16155,15484,502,169,0.47337278106508873,0.47337278106508873,1.0,0.642570281124498,0.5978932584269664,0.5621301775147929,0.1956521739130435,0.47337278106508873,0.642570281124498,0.0,0.0,0.36178482712373244,True
random_forest,random_forest_direction_5d,20260914T030848Z,all_history,KO,Coca-Cola,US,trained,,0.26,16158,15487,502,169,0.5857988165680473,0.5857988165680473,1.0,0.7388059701492538,0.5606060606060606,0.41420118343195267,0.0,0.5857988165680473,0.7388059701492538,0.0,0.0,0.32875105154347356,True
random_forest,random_forest_direction_5d,20260914T030848Z,all_history,JPM,JPMorgan Chase,US,trained,,0.26,11593,10922,502,169,0.5443786982248521,0.5443786982248521,1.0,0.7049808429118773,0.5942970073404855,0.4378698224852071,0.0,0.5443786982248521,0.7049808429118773,0.0,0.0,0.32517429202176307,True
random_forest,random_forest_direction_5d,20260914T030848Z,all_history,XOM,Exxon Mobil,US,trained,,0.33,16158,15487,502,169,0.5857988165680473,0.5963855421686747,0.9705882352941176,0.7388059701492538,0.41864208369915124,0.3905325443786982,0.21374045801526717,0.6035502958579881,0.7527675276752768,-0.017751479289940808,-0.013961557526023016,0.35001391753507227,True
random_forest,random_forest_direction_5d,20260914T030848Z,all_history,CAT,Caterpillar,US,trained,,0.36,16158,15487,502,169,0.591715976331361,0.5892857142857143,1.0,0.7415730337078652,0.5363636363636364,0.47928994082840237,0.46987951807228917,0.5857988165680473,0.7388059701492538,0.00591715976331364,0.002767063558611449,0.4590462598367642,True
random_forest,random_forest_direction_5d,20260914T030848Z,all_history,PG,Procter & Gamble,US,trained,,0.28,16158,15487,502,169,0.5502958579881657,0.5502958579881657,1.0,0.7099236641221374,0.6256366723259763,0.6094674556213018,0.7053571428571429,0.5502958579881657,0.7099236641221374,0.0,0.0,0.5925018711260454,True
random_forest,random_forest_direction_5d,20260914T030848Z,all_history,SNDK,SanDisk,US,skipped,train rows 0 < 500,,,,,,,,,,,,,,,,,,
random_forest,random_forest_direction_5d,20260914T030848Z,all_history,SOXL,Direxion Daily Semiconductor Bull 3X ETF,US,trained,,0.28,4028,3357,502,169,0.6153846153846154,0.6107784431137725,1.0,0.758364312267658,0.5384840503365526,0.39644970414201186,0.0,0.6035502958579881,0.7527675276752768,0.01183431952662728,0.005596784592381221,0.4895290387117266,True
random_forest,random_forest_direction_5d,20260914T030848Z,all_history,NASA,Tema Space Innovators ETF,US,skipped,train rows 0 < 500,,,,,,,,,,,,,,,,,,
random_forest,random_forest_direction_5d,20260914T030848Z,all_history,SPCX,SpaceX,US,skipped,train rows 0 < 500,,,,,,,,,,,,,,,,,,
random_forest,random_forest_direction_5d,20260914T030848Z,all_history,RAM,Roundhill T-REX 2X Long DRAM Daily Target ETF,US,skipped,train rows 0 < 500,,,,,,,,,,,,,,,,,,
xgboost,xgboost_direction_5d,20260914T030849Z,all_history,000660.KS,SK hynix,KR,trained,,0.16,6424,5772,486,166,0.608433734939759,0.608433734939759,1.0,0.7565543071161048,0.5163747143945164,0.4939759036144578,0.48148148148148145,0.608433734939759,0.7565543071161048,0.0,0.0,0.672940731048584,True
xgboost,xgboost_direction_5d,20260914T030849Z,all_history,005930.KS,Samsung Electronics,KR,trained,,0.15,6437,5785,486,166,0.608433734939759,0.6304347826086957,0.8613861386138614,0.7280334728033473,0.5492764661081493,0.39759036144578314,0.24242424242424243,0.608433734939759,0.7565543071161048,0.0,-0.028520834312757537,0.4368092119693756,True
xgboost,xgboost_direction_5d,20260914T030849Z,all_history,022100.KS,POSCO DX,KR,trained,,0.48,6211,5559,486,166,0.536144578313253,0.5032679738562091,0.9871794871794872,0.6666666666666666,0.48441142191142195,0.5301204819277109,0.6548672566371682,0.46987951807228917,0.639344262295082,0.06626506024096385,0.02732240437158462,0.5270512104034424,True
xgboost,xgboost_direction_5d,20260914T030849Z,all_history,005380.KS,Hyundai Motor,KR,trained,,0.21,6436,5784,486,166,0.4939759036144578,0.4897959183673469,0.5853658536585366,0.5333333333333333,0.5150987224157955,0.536144578313253,0.26666666666666666,0.4939759036144578,0.6612903225806451,0.0,-0.1279569892473118,0.40211939811706543,True
xgboost,xgboost_direction_5d,20260914T030849Z,all_history,005490.KS,POSCO Holdings,KR,trained,,0.2,6438,5786,486,166,0.5421686746987951,0.5421686746987951,1.0,0.703125,0.3902046783625731,0.463855421686747,0.5482233502538071,0.5421686746987951,0.703125,0.0,0.0,0.48956093192100525,True
xgboost,xgboost_direction_5d,20260914T030849Z,all_history,000810.KS,Samsung Fire & Marine Insurance,KR,trained,,0.1,6439,5787,486,166,0.5542168674698795,0.5542168674698795,1.0,0.7131782945736435,0.5478848413631022,0.4457831325301205,0.25806451612903225,0.5542168674698795,0.7131782945736435,0.0,0.0,0.3886682391166687,True
xgboost,xgboost_direction_5d,20260914T030849Z,all_history,066570.KS,LG Electronics,KR,trained,,0.27,5886,5234,486,166,0.5240963855421686,0.5378787878787878,0.797752808988764,0.6425339366515838,0.4253611556982344,0.40963855421686746,0.4367816091954023,0.536144578313253,0.6980392156862745,-0.012048192771084376,-0.05550527903469071,0.3643392324447632,True
xgboost,xgboost_direction_5d,20260914T030849Z,all_history,034730.KS,SK Inc.,KR,trained,,0.3,4006,3354,486,166,0.4879518072289157,0.6888888888888889,0.30392156862745096,0.4217687074829932,0.5972732843137256,0.39759036144578314,0.05660377358490566,0.6144578313253012,0.7611940298507462,-0.1265060240963855,-0.339425322367753,0.32801616191864014,True
xgboost,xgboost_direction_5d,20260914T030849Z,all_history,030200.KS,KT,KR,trained,,0.3,6435,5783,486,166,0.6445783132530121,0.6875,0.6179775280898876,0.650887573964497,0.6890412957828689,0.4819277108433735,0.2037037037037037,0.536144578313253,0.6980392156862745,0.10843373493975905,-0.04715164172177744,0.20887090265750885,False
xgboost,xgboost_direction_5d,20260914T030849Z,all_history,015760.KS,Korea Electric Power,KR,trained,,0.15,6438,5786,486,166,0.46987951807228917,0.4601226993865031,1.0,0.6302521008403361,0.5219047619047619,0.4819277108433735,0.5168539325842697,0.45180722891566266,0.6224066390041494,0.01807228915662651,0.007845461836186729,0.4474065601825714,True
xgboost,xgboost_direction_5d,20260914T030849Z,all_history,055550.KS,Shinhan Financial Group,KR,trained,,0.12,6440,5788,486,166,0.5843373493975904,0.5894039735099338,0.9270833333333334,0.7206477732793523,0.5473214285714286,0.4036144578313253,0.019801980198019802,0.5783132530120482,0.732824427480916,0.006024096385542244,-0.012176654201563775,0.33200520277023315,True
xgboost,xgboost_direction_5d,20260914T030849Z,all_history,105560.KS,KB Financial Group,KR,trained,,0.1,4395,3743,486,166,0.5662650602409639,0.5662650602409639,1.0,0.7230769230769231,0.6161347517730497,0.4879518072289157,0.2608695652173913,0.5662650602409639,0.7230769230769231,0.0,0.0,0.26265183091163635,True
xgboost,xgboost_direction_5d,20260914T030849Z,all_history,MU,Micron Technology,US,trained,,0.1,10528,9857,502,169,0.6331360946745562,0.6402439024390244,0.9722222222222222,0.7720588235294118,0.46933819064966603,0.3668639053254438,0.036036036036036036,0.6390532544378699,0.779783393501805,-0.00591715976331364,-0.007724569972393236,0.11793132871389389,True
xgboost,xgboost_direction_5d,20260914T030849Z,all_history,WDC,Western Digital,US,trained,,0.18,11937,11266,502,169,0.6568047337278107,0.6716417910447762,0.8653846153846154,0.7563025210084033,0.6056213017751478,0.4378698224852071,0.21487603305785125,0.6153846153846154,0.7619047619047619,0.041420118343195256,-0.0056022408963585235,0.6852086186408997,True
xgboost,xgboost_direction_5d,20260914T030849Z,all_history,SPY,SPDR S&P 500 ETF Trust,US,trained,,0.12,8338,7667,502,169,0.5621301775147929,0.5542168674698795,1.0,0.7131782945736435,0.6602202145680407,0.4556213017751479,0.0,0.5443786982248521,0.7049808429118773,0.017751479289940808,0.008197451661766109,0.1696995198726654,True
xgboost,xgboost_direction_5d,20260914T030849Z,all_history,QQQ,Invesco QQQ Trust,US,trained,,0.18,6796,6125,502,169,0.5088757396449705,0.5119047619047619,0.9885057471264368,0.6745098039215687,0.46804037005887306,0.47928994082840237,0.2,0.514792899408284,0.6796875,-0.005917159763313529,-0.005177696078431326,0.3501718044281006,True
xgboost,xgboost_direction_5d,20260914T030849Z,all_history,AAPL,Apple,US,trained,,0.1,11404,10733,502,169,0.5739644970414202,0.5739644970414202,1.0,0.7293233082706767,0.6075315005727376,0.47928994082840237,0.18518518518518517,0.5739644970414202,0.7293233082706767,0.0,0.0,0.3052597939968109,True
xgboost,xgboost_direction_5d,20260914T030849Z,all_history,MSFT,Microsoft,US,trained,,0.33,10079,9408,502,169,0.46153846153846156,0.46357615894039733,0.875,0.6060606060606061,0.43441011235955057,0.4437869822485207,0.4470588235294118,0.47337278106508873,0.642570281124498,-0.011834319526627168,-0.03650967506389191,0.46595895290374756,True
xgboost,xgboost_direction_5d,20260914T030849Z,all_history,IBM,International Business Machines,US,trained,,0.14,16155,15484,502,169,0.48520710059171596,0.47904191616766467,1.0,0.6477732793522267,0.5735955056179775,0.5798816568047337,0.23655913978494625,0.47337278106508873,0.642570281124498,0.011834319526627224,0.005202998227728739,0.2273622453212738,True
xgboost,xgboost_direction_5d,20260914T030849Z,all_history,KO,Coca-Cola,US,trained,,0.13,16158,15487,502,169,0.6153846153846154,0.6049382716049383,0.98989898989899,0.7509578544061303,0.6568542568542568,0.41420118343195267,0.0,0.5857988165680473,0.7388059701492538,0.029585798816568087,0.012151884256876522,0.20082707703113556,True
xgboost,xgboost_direction_5d,20260914T030849Z,all_history,JPM,JPMorgan Chase,US,trained,,0.15,11593,10922,502,169,0.5443786982248521,0.5443786982248521,1.0,0.7049808429118773,0.6280350084697912,0.46153846153846156,0.08080808080808081,0.5443786982248521,0.7049808429118773,0.0,0.0,0.20278474688529968,True
xgboost,xgboost_direction_5d,20260914T030849Z,all_history,XOM,Exxon Mobil,US,trained,,0.16,16158,15487,502,169,0.5562130177514792,0.5849056603773585,0.9117647058823529,0.7126436781609196,0.4116183786947615,0.40828402366863903,0.2537313432835821,0.6035502958579881,0.7527675276752768,-0.047337278106508895,-0.04012384951435721,0.2603421211242676,True
xgboost,xgboost_direction_5d,20260914T030849Z,all_history,CAT,Caterpillar,US,trained,,0.2,16158,15487,502,169,0.5857988165680473,0.5857988165680473,1.0,0.7388059701492538,0.4793650793650794,0.4260355029585799,0.39751552795031053,0.5857988165680473,0.7388059701492538,0.0,0.0,0.44152286648750305,True
xgboost,xgboost_direction_5d,20260914T030849Z,all_history,PG,Procter & Gamble,US,trained,,0.14,16158,15487,502,169,0.5502958579881657,0.5502958579881657,1.0,0.7099236641221374,0.6539332201471421,0.6272189349112426,0.6666666666666666,0.5502958579881657,0.7099236641221374,0.0,0.0,0.5763067603111267,True
xgboost,xgboost_direction_5d,20260914T030849Z,all_history,SNDK,SanDisk,US,skipped,train rows 0 < 500,,,,,,,,,,,,,,,,,,
xgboost,xgboost_direction_5d,20260914T030849Z,all_history,SOXL,Direxion Daily Semiconductor Bull 3X ETF,US,trained,,0.21,4028,3357,502,169,0.5325443786982249,0.6,0.6764705882352942,0.6359447004608295,0.4947322212467076,0.46153846153846156,0.28346456692913385,0.6035502958579881,0.7527675276752768,-0.07100591715976323,-0.11682282721444726,0.6026935577392578,True
xgboost,xgboost_direction_5d,20260914T030849Z,all_history,NASA,Tema Space Innovators ETF,US,skipped,train rows 0 < 500,,,,,,,,,,,,,,,,,,
xgboost,xgboost_direction_5d,20260914T030849Z,all_history,SPCX,SpaceX,US,skipped,train rows 0 < 500,,,,,,,,,,,,,,,,,,
xgboost,xgboost_direction_5d,20260914T030849Z,all_history,RAM,Roundhill T-REX 2X Long DRAM Daily Target ETF,US,skipped,train rows 0 < 500,,,,,,,,,,,,,,,,,,
