symbol,display_name,market,status,reason,test_accuracy,test_precision,test_recall,test_f1,test_roc_auc,latest_positive_probability,latest_predicted_positive
000660.KS,SK hynix,KR,trained,,0.4578313253012048,0.5753424657534246,0.4158415841584158,0.4827586206896552,0.4784463061690784,0.5958919111415919,True
005930.KS,Samsung Electronics,KR,trained,,0.43373493975903615,0.6666666666666666,0.13861386138613863,0.22950819672131148,0.4708301599390708,0.4712389465535827,False
022100.KS,POSCO DX,KR,trained,,0.463855421686747,0.46258503401360546,0.8717948717948718,0.6044444444444445,0.49373543123543123,0.6834119490411346,True
005380.KS,Hyundai Motor,KR,trained,,0.463855421686747,0.3793103448275862,0.13414634146341464,0.1981981981981982,0.4102787456445993,0.5290574993683014,True
005490.KS,POSCO Holdings,KR,trained,,0.5481927710843374,0.5714285714285714,0.6666666666666666,0.6153846153846154,0.5707602339181286,0.5153472446875879,True
000810.KS,Samsung Fire & Marine Insurance,KR,trained,,0.4578313253012048,0.5384615384615384,0.15217391304347827,0.23728813559322035,0.5010282021151586,0.3917508388497357,False
066570.KS,LG Electronics,KR,trained,,0.4759036144578313,0.5227272727272727,0.25842696629213485,0.3458646616541353,0.5426820370640596,0.2806735032683391,False
034730.KS,SK Inc.,KR,trained,,0.3855421686746988,0.0,0.0,0.0,0.5795036764705883,0.38631413774641676,False
030200.KS,KT,KR,trained,,0.536144578313253,0.603448275862069,0.39325842696629215,0.47619047619047616,0.5677805340726689,0.37484584186287795,False
015760.KS,Korea Electric Power,KR,trained,,0.45180722891566266,0.43333333333333335,0.6933333333333334,0.5333333333333333,0.5103296703296702,0.5860226310705908,True
055550.KS,Shinhan Financial Group,KR,trained,,0.42168674698795183,0.0,0.0,0.0,0.3956845238095238,0.15745970269553392,False
105560.KS,KB Financial Group,KR,trained,,0.4457831325301205,1.0,0.02127659574468085,0.041666666666666664,0.6340130023640661,0.24256634326292623,False
MU,Micron Technology,US,trained,,0.3905325443786982,0.5714285714285714,0.18518518518518517,0.27972027972027974,0.4752580449301761,0.21982494481024187,False
WDC,Western Digital,US,trained,,0.3668639053254438,0.2857142857142857,0.019230769230769232,0.036036036036036036,0.5464497041420118,0.48052360845735126,False
SPY,SPDR S&P 500 ETF Trust,US,trained,,0.4556213017751479,0.0,0.0,0.0,0.5845567476002258,0.20062613870765802,False
QQQ,Invesco QQQ Trust,US,trained,,0.48520710059171596,0.0,0.0,0.0,0.5483599663582843,0.28748223818765123,False
AAPL,Apple,US,trained,,0.4319526627218935,1.0,0.010309278350515464,0.02040816326530612,0.6301546391752577,0.3855447161745724,False
MSFT,Microsoft,US,trained,,0.47337278106508873,0.43478260869565216,0.375,0.40268456375838924,0.4613764044943821,0.4680600419491796,False
IBM,International Business Machines,US,trained,,0.5088757396449705,0.47058823529411764,0.3,0.366412213740458,0.5310393258426965,0.5254296263352131,True
KO,Coca-Cola,US,trained,,0.41420118343195267,0.0,0.0,0.0,0.5271284271284271,0.26971131008359917,False
JPM,JPMorgan Chase,US,trained,,0.4556213017751479,0.0,0.0,0.0,0.5571710897797855,0.2698330077411324,False
XOM,Exxon Mobil,US,trained,,0.39644970414201186,0.0,0.0,0.0,0.3678665496049166,0.24294686229247736,False
CAT,Caterpillar,US,trained,,0.5325443786982249,0.5833333333333334,0.7070707070707071,0.639269406392694,0.483982683982684,0.5023263334135336,True
PG,Procter & Gamble,US,trained,,0.5976331360946746,0.616822429906542,0.7096774193548387,0.66,0.6073853989813243,0.6758040993353888,True
SNDK,SanDisk,US,skipped,train rows 0 < 500,,,,,,,
SOXL,Direxion Daily Semiconductor Bull 3X ETF,US,trained,,0.39644970414201186,0.0,0.0,0.0,0.5279484928299677,0.46339164163036733,False
NASA,Tema Space Innovators ETF,US,skipped,train rows 0 < 500,,,,,,,
SPCX,SpaceX,US,skipped,train rows 0 < 500,,,,,,,
RAM,Roundhill T-REX 2X Long DRAM Daily Target ETF,US,skipped,train rows 0 < 500,,,,,,,
