symbol,display_name,market,status,reason,test_accuracy,test_f1,test_roc_auc,always_positive_accuracy,always_positive_f1,train_positive_rate_accuracy,train_positive_rate_f1,f1_lift_vs_always_positive,accuracy_lift_vs_always_positive,latest_positive_probability
000660.KS,SK hynix,KR,trained,,0.4578313253012048,0.4827586206896552,0.4784463061690784,0.608433734939759,0.7565543071161048,0.39156626506024095,0.0,-0.27379568642644964,-0.15060240963855426,0.5958919111415918
005930.KS,Samsung Electronics,KR,trained,,0.43373493975903615,0.22950819672131148,0.4708301599390708,0.608433734939759,0.7565543071161048,0.608433734939759,0.7565543071161048,-0.5270461103947933,-0.1746987951807229,0.4712389465535828
022100.KS,POSCO DX,KR,trained,,0.463855421686747,0.6044444444444445,0.49373543123543123,0.46987951807228917,0.639344262295082,0.46987951807228917,0.639344262295082,-0.03489981785063756,-0.006024096385542188,0.6834119490411346
005380.KS,Hyundai Motor,KR,trained,,0.463855421686747,0.1981981981981982,0.4102787456445993,0.4939759036144578,0.6612903225806451,0.5060240963855421,0.0,-0.46309212438244696,-0.03012048192771083,0.5290574993683014
005490.KS,POSCO Holdings,KR,trained,,0.5481927710843374,0.6153846153846154,0.5707602339181286,0.5421686746987951,0.703125,0.5421686746987951,0.703125,-0.08774038461538458,0.006024096385542244,0.5153472446875879
000810.KS,Samsung Fire & Marine Insurance,KR,trained,,0.4578313253012048,0.23728813559322035,0.5010282021151586,0.5542168674698795,0.7131782945736435,0.5542168674698795,0.7131782945736435,-0.4758901589804231,-0.09638554216867473,0.3917508388497357
066570.KS,LG Electronics,KR,trained,,0.4759036144578313,0.3458646616541353,0.5426820370640596,0.536144578313253,0.6980392156862745,0.463855421686747,0.0,-0.35217455403213915,-0.060240963855421714,0.2806735032683391
034730.KS,SK Inc.,KR,trained,,0.3855421686746988,0.0,0.5795036764705883,0.6144578313253012,0.7611940298507462,0.3855421686746988,0.0,-0.7611940298507462,-0.22891566265060237,0.38631413774641676
030200.KS,KT,KR,trained,,0.536144578313253,0.47619047619047616,0.5677805340726689,0.536144578313253,0.6980392156862745,0.536144578313253,0.6980392156862745,-0.2218487394957983,0.0,0.37484584186287795
015760.KS,Korea Electric Power,KR,trained,,0.45180722891566266,0.5333333333333333,0.5103296703296702,0.45180722891566266,0.6224066390041494,0.5481927710843374,0.0,-0.08907330567081606,0.0,0.5860226310705908
055550.KS,Shinhan Financial Group,KR,trained,,0.42168674698795183,0.0,0.3956845238095238,0.5783132530120482,0.732824427480916,0.42168674698795183,0.0,-0.732824427480916,-0.15662650602409633,0.15745970269553392
105560.KS,KB Financial Group,KR,trained,,0.4457831325301205,0.041666666666666664,0.6340130023640661,0.5662650602409639,0.7230769230769231,0.43373493975903615,0.0,-0.6814102564102564,-0.12048192771084343,0.24256634326292623
MU,Micron Technology,US,trained,,0.3905325443786982,0.27972027972027974,0.4752580449301761,0.6390532544378699,0.779783393501805,0.6390532544378699,0.779783393501805,-0.5000631137815252,-0.24852071005917165,0.21982494481024187
WDC,Western Digital,US,trained,,0.3668639053254438,0.036036036036036036,0.5464497041420118,0.6153846153846154,0.7619047619047619,0.6153846153846154,0.7619047619047619,-0.7258687258687259,-0.24852071005917165,0.4805236084573512
SPY,SPDR S&P 500 ETF Trust,US,trained,,0.4556213017751479,0.0,0.5845567476002258,0.5443786982248521,0.7049808429118773,0.5443786982248521,0.7049808429118773,-0.7049808429118773,-0.08875739644970415,0.20062613870765802
QQQ,Invesco QQQ Trust,US,trained,,0.48520710059171596,0.0,0.5483599663582843,0.514792899408284,0.6796875,0.514792899408284,0.6796875,-0.6796875,-0.029585798816568032,0.28748223818765123
AAPL,Apple,US,trained,,0.4319526627218935,0.02040816326530612,0.6301546391752577,0.5739644970414202,0.7293233082706767,0.5739644970414202,0.7293233082706767,-0.7089151450053706,-0.1420118343195267,0.3855447161745724
MSFT,Microsoft,US,trained,,0.47337278106508873,0.40268456375838924,0.4613764044943821,0.47337278106508873,0.642570281124498,0.47337278106508873,0.642570281124498,-0.23988571736610875,0.0,0.4680600419491795
IBM,International Business Machines,US,trained,,0.5088757396449705,0.366412213740458,0.5310393258426965,0.47337278106508873,0.642570281124498,0.47337278106508873,0.642570281124498,-0.27615806738404,0.03550295857988173,0.5254296263352131
KO,Coca-Cola,US,trained,,0.41420118343195267,0.0,0.5271284271284271,0.5857988165680473,0.7388059701492538,0.5857988165680473,0.7388059701492538,-0.7388059701492538,-0.17159763313609466,0.26971131008359917
JPM,JPMorgan Chase,US,trained,,0.4556213017751479,0.0,0.5571710897797855,0.5443786982248521,0.7049808429118773,0.5443786982248521,0.7049808429118773,-0.7049808429118773,-0.08875739644970415,0.2698330077411324
XOM,Exxon Mobil,US,trained,,0.39644970414201186,0.0,0.3678665496049166,0.6035502958579881,0.7527675276752768,0.6035502958579881,0.7527675276752768,-0.7527675276752768,-0.20710059171597628,0.24294686229247736
CAT,Caterpillar,US,trained,,0.5325443786982249,0.639269406392694,0.483982683982684,0.5857988165680473,0.7388059701492538,0.5857988165680473,0.7388059701492538,-0.09953656375655973,-0.053254437869822424,0.5023263334135336
PG,Procter & Gamble,US,trained,,0.5976331360946746,0.66,0.6073853989813243,0.5502958579881657,0.7099236641221374,0.5502958579881657,0.7099236641221374,-0.049923664122137335,0.047337278106508895,0.6758040993353888
SNDK,SanDisk,US,skipped,train rows 0 < 500,,,,,,,,,,
SOXL,Direxion Daily Semiconductor Bull 3X ETF,US,trained,,0.39644970414201186,0.0,0.5279484928299677,0.6035502958579881,0.7527675276752768,0.6035502958579881,0.7527675276752768,-0.7527675276752768,-0.20710059171597628,0.46339164163036733
NASA,Tema Space Innovators ETF,US,skipped,train rows 0 < 500,,,,,,,,,,
SPCX,SpaceX,US,skipped,train rows 0 < 500,,,,,,,,,,
RAM,Roundhill T-REX 2X Long DRAM Daily Target ETF,US,skipped,train rows 0 < 500,,,,,,,,,,
